ingredient,category
Club Rolls,Bread
White Bread,Bread
Sourdough Bread,Bread
Multigrain Sourdough Bread,Bread
Cheese & Jalape√±o Bread,Bread
Tomato Basil Tortilla,Bread
Wheat Bread,Bread
Pretzel Bread Buns,Bread
Spinach Tortilla,Bread
Flour Tortilla,Bread
Gluten Free Tortilla,Bread
Ham,Meat
Turkey,Meat
Roast Beef,Meat
Salami,Meat
Buffalo Chicken,Meat
Pepperoni,Meat
Bacon,Meat
Capicola,Meat
American Cheese,Cheese
Provolone Cheese,Cheese
Swiss Cheese,Cheese
Cheddar Cheese,Cheese
Pepper Jack Cheese,Cheese
Mozzarella Cheese,Cheese
Gouda Cheese,Cheese
Muenster Cheese,Cheese
Colby Jack Cheese,Cheese
Tuna Salad,Meat
Chicken Salad,Meat
Shredded Lettuce,Veggie
Spinach,Veggie
Hot Pepper Relish,Veggie
Red Onions,Veggie
Sliced Pickle,Veggie
Sliced Cucumber,Veggie
Sliced Tomato,Veggie
Avocado Spread,Veggie
Carrots,Veggie
Olive,Condiment
Hummus Spread,Condiment
Mayo,Condiment
Mustard,Condiment
Ketchup,Condiment
Balsamic Vinegar,Condiment
Pesto Mayo,Condiment
Spicy Mayo,Condiment
Ranch,Condiment
Honey Mustard,Condiment
Garlic Parmesan,Condiment
Italian Dressing,Condiment
BBQ Sauce,Condiment
Olive Oil,Condiment
Balsamic Vinaigrette,Condiment